model,avg_latency,std_latency,total_calls,success_rate,avg_tokens_in,avg_tokens_out,avg_tokens_total,file
anthropic/claude-3.7-sonnet,2.521666666666667,0.42525633726136575,15,100.0,89.6,31.133333333333333,120.73333333333333,results_short.csv
deepseek/deepseek-r1,17.3974,19.173642845620876,15,100.0,83.6,637.8,721.4,results_short.csv
google/gemini-2.5-pro,9.902,4.678836653332902,15,100.0,77.0,885.1333333333333,962.1333333333333,results_short.csv
meta-llama/llama-3.3-70b-instruct,1.5058666666666667,0.36199523806391765,15,100.0,91.86666666666666,25.8,117.66666666666667,results_short.csv
mistralai/mistral-7b-instruct,1.5829333333333333,0.2767847195066609,15,100.0,92.4,39.46666666666667,131.86666666666667,results_short.csv
mistralai/mistral-large-2411,1.4817333333333333,0.2328173614864746,15,100.0,91.4,48.4,139.8,results_short.csv
openai/gpt-5,8.246533333333334,1.9906097008083683,15,100.0,86.2,464.4,550.6,results_short.csv
qwen/qwen-2.5-72b-instruct,4.2716,3.3529746239080653,15,100.0,89.2,29.266666666666666,118.46666666666667,results_short.csv
