planner,trial,start_x,start_y,mid_x,mid_y,end_x,end_y,success,round_trip_time_sec
RegulatedPurePursuitController,1,-0.34030377130773026,-0.06687054560750341,-12.7,6.5,-0.34030377130773026,-0.06687054560750341,1,650.8
RegulatedPurePursuitController,2,-0.19007345965563036,0.054863775304138156,-12.7,6.5,-0.19007345965563036,0.054863775304138156,1,640.31
RegulatedPurePursuitController,3,0.07102758241086318,0.24237293613938007,-12.7,6.5,0.07102758241086318,0.24237293613938007,1,639.3
RegulatedPurePursuitController,4,0.42691255933915134,0.42425360460327854,-12.7,6.5,0.42691255933915134,0.42425360460327854,1,641.35
RegulatedPurePursuitController,5,0.7926524843328305,0.6799534407611846,-12.7,6.5,0.7926524843328305,0.6799534407611846,1,636.68
