planner,trial,start_x,start_y,mid_x,mid_y,end_x,end_y,success,round_trip_time_sec
teb_local_planner,1,-0.30622771458894216,-0.06618318093706674,-12.7,6.5,-0.30622771458894216,-0.06618318093706674,1,641.06
teb_local_planner,2,-0.16060159005374008,0.03618934201495762,-12.7,6.5,-0.16060159005374008,0.03618934201495762,1,638.75
teb_local_planner,3,0.03193121800713136,0.14370325058575467,-12.7,6.5,0.03193121800713136,0.14370325058575467,1,645.18
teb_local_planner,4,0.26353902969957244,0.346307267306065,-12.7,6.5,0.26353902969957244,0.346307267306065,1,655.45
teb_local_planner,5,0.5830462635371797,0.6267569347492576,-12.7,6.5,0.5830462635371797,0.6267569347492576,1,651.51
