planner,trial,start_x,start_y,mid_x,mid_y,end_x,end_y,success,round_trip_time_sec
dwb_controller,1,-0.3252699641328766,-0.06630687631832013,-12.7,6.5,-0.3252699641328766,-0.06630687631832013,1,635.37
dwb_controller,2,-0.16288571206251312,0.06116990366055741,-12.7,6.5,-0.16288571206251312,0.06116990366055741,1,650.87
dwb_controller,3,0.058199957243988014,0.229267379858544,-12.7,6.5,0.058199957243988014,0.229267379858544,1,638.12
dwb_controller,4,0.32793300740135806,0.4452430968391938,-12.7,6.5,0.32793300740135806,0.4452430968391938,1,640.83
dwb_controller,5,0.5355406263516171,0.6063823657116955,-12.7,6.5,0.5355406263516171,0.6063823657116955,1,629.94
